{
    "utterances": [
        {
            "text": "Buenas",
            "entities": [],
            "traits": [],
            "intent": "saludo"
        },
        {
            "text": "Buenas noches",
            "entities": [],
            "traits": [],
            "intent": "saludo"
        },
        {
            "text": "Buenas tardes",
            "entities": [],
            "traits": [],
            "intent": "saludo"
        },
        {
            "text": "Buenos d\u00edas",
            "entities": [],
            "traits": [],
            "intent": "saludo"
        },
        {
            "text": "Dale, sumame una medialuna tambi\u00e9n",
            "entities": [],
            "traits": [],
            "intent": "confirmar_pedido"
        },
        {
            "text": "Dame un s\u00e1ndwich de jam\u00f3n y queso",
            "entities": [],
            "traits": [],
            "intent": "pedir_comida"
        },
        {
            "text": "Est\u00e1 bien, voy a llevar un caf\u00e9 con leche",
            "entities": [],
            "traits": [],
            "intent": "confirmar_pedido"
        },
        {
            "text": "Gracias, hasta luego",
            "entities": [],
            "traits": [],
            "intent": "despedida"
        },
        {
            "text": "Gracias, que tengas un buen d\u00eda",
            "entities": [],
            "traits": [],
            "intent": "despedida"
        },
        {
            "text": "Hey",
            "entities": [],
            "traits": [],
            "intent": "saludo"
        },
        {
            "text": "Hey quest",
            "entities": [
                {
                    "entity": "wake_word:wake_word",
                    "start": 0,
                    "end": 9,
                    "body": "Hey quest",
                    "entities": []
                }
            ],
            "traits": [],
            "intent": "wake_word"
        },
        {
            "text": "Hola",
            "entities": [],
            "traits": [],
            "intent": "saludo"
        },
        {
            "text": "Hola, \u00bfqu\u00e9 onda?",
            "entities": [],
            "traits": [],
            "intent": "saludo"
        },
        {
            "text": "Listo, chau",
            "entities": [],
            "traits": [],
            "intent": "pagar"
        },
        {
            "text": "Listo, gracias por todo",
            "entities": [],
            "traits": [],
            "intent": "despedida"
        },
        {
            "text": "Me arrepent\u00ed, prefiero un espresso",
            "entities": [],
            "traits": [],
            "intent": "cambiar_pedido"
        },
        {
            "text": "Me das un caf\u00e9 con leche, por favor",
            "entities": [],
            "traits": [],
            "intent": "pedir_cafe"
        },
        {
            "text": "Me gustar\u00eda un alfajor",
            "entities": [],
            "traits": [],
            "intent": "pedir_comida"
        },
        {
            "text": "Me gustar\u00eda un caf\u00e9 americano",
            "entities": [],
            "traits": [],
            "intent": "pedir_cafe"
        },
        {
            "text": "Mejor, \u00bfsab\u00e9s qu\u00e9? Cambiame el caf\u00e9 por un t\u00e9",
            "entities": [],
            "traits": [],
            "intent": "cambiar_pedido"
        },
        {
            "text": "Muchas gracias, nos vemos",
            "entities": [],
            "traits": [],
            "intent": "despedida"
        },
        {
            "text": "Ok, me quedo con el cappuccino",
            "entities": [],
            "traits": [],
            "intent": "confirmar_pedido"
        },
        {
            "text": "Perd\u00f3n, \u00bfpuedo agregar un alfajor en vez de la torta?",
            "entities": [],
            "traits": [],
            "intent": "cambiar_pedido"
        },
        {
            "text": "Quiero un cortado",
            "entities": [],
            "traits": [],
            "intent": "pedir_cafe"
        },
        {
            "text": "Quiero un t\u00e9 de hierbas",
            "entities": [],
            "traits": [],
            "intent": "pedir_otras_bebidas"
        },
        {
            "text": "Quiero una porci\u00f3n de torta",
            "entities": [],
            "traits": [],
            "intent": "pedir_comida"
        },
        {
            "text": "S\u00ed, dame eso nom\u00e1s",
            "entities": [],
            "traits": [],
            "intent": "confirmar_pedido"
        },
        {
            "text": "S\u00ed, por favor, agregalo",
            "entities": [],
            "traits": [],
            "intent": "confirmar_pedido"
        },
        {
            "text": "Te pago ahora, \u00bfcu\u00e1nto te debo?",
            "entities": [],
            "traits": [],
            "intent": "pagar"
        },
        {
            "text": "Un espresso, por favor",
            "entities": [],
            "traits": [],
            "intent": "saludo"
        },
        {
            "text": "Un jugo de naranja, por favor",
            "entities": [],
            "traits": [],
            "intent": "pedir_otras_bebidas"
        },
        {
            "text": "ey quest",
            "entities": [
                {
                    "entity": "wake_word:wake_word",
                    "start": 0,
                    "end": 8,
                    "body": "ey quest",
                    "entities": []
                }
            ],
            "traits": [],
            "intent": "wake_word"
        },
        {
            "text": "hey west",
            "entities": [],
            "traits": [],
            "intent": "wake_word"
        },
        {
            "text": "\u00bfAceptan d\u00e9bito?",
            "entities": [],
            "traits": [],
            "intent": "pagar"
        },
        {
            "text": "\u00bfCu\u00e1nto cuesta el caf\u00e9 con leche?",
            "entities": [],
            "traits": [],
            "intent": "preguntar_precio"
        },
        {
            "text": "\u00bfCu\u00e1nto es en total?",
            "entities": [],
            "traits": [],
            "intent": "pagar"
        },
        {
            "text": "\u00bfCu\u00e1nto est\u00e1 el alfajor?",
            "entities": [],
            "traits": [],
            "intent": "preguntar_precio"
        },
        {
            "text": "\u00bfCu\u00e1nto salen las medialunas?",
            "entities": [],
            "traits": [],
            "intent": "preguntar_precio"
        },
        {
            "text": "\u00bfC\u00f3mo est\u00e1s?",
            "entities": [],
            "traits": [],
            "intent": "saludo"
        },
        {
            "text": "\u00bfC\u00f3mo va todo?",
            "entities": [],
            "traits": [],
            "intent": "saludo"
        },
        {
            "text": "\u00bfHay alguna promo para el desayuno?",
            "entities": [],
            "traits": [],
            "intent": "preguntar_menu"
        },
        {
            "text": "\u00bfHay chip\u00e1?",
            "entities": [],
            "traits": [],
            "intent": "pedir_comida"
        },
        {
            "text": "\u00bfHay opciones sin gluten?",
            "entities": [],
            "traits": [],
            "intent": "preguntar_menu"
        },
        {
            "text": "\u00bfMe das una medialuna de manteca?",
            "entities": [],
            "traits": [],
            "intent": "pedir_comida"
        },
        {
            "text": "\u00bfMe pas\u00e1s el precio del cappuccino?",
            "entities": [],
            "traits": [],
            "intent": "preguntar_precio"
        },
        {
            "text": "\u00bfMe prepar\u00e1s un cappuccino?",
            "entities": [],
            "traits": [],
            "intent": "pedir_cafe"
        },
        {
            "text": "\u00bfMe prepar\u00e1s un mate cocido?",
            "entities": [],
            "traits": [],
            "intent": "pedir_otras_bebidas"
        },
        {
            "text": "\u00bfPod\u00e9s decirme qu\u00e9 tortas tienen hoy?",
            "entities": [],
            "traits": [],
            "intent": "preguntar_menu"
        },
        {
            "text": "\u00bfPuedo cambiar la medialuna por una tostada?",
            "entities": [],
            "traits": [],
            "intent": "cambiar_pedido"
        },
        {
            "text": "\u00bfPuedo pagar con QR?",
            "entities": [],
            "traits": [],
            "intent": "pagar"
        },
        {
            "text": "\u00bfQu\u00e9 me recomend\u00e1s hoy?",
            "entities": [],
            "traits": [],
            "intent": "preguntar_menu"
        },
        {
            "text": "\u00bfQu\u00e9 tal?",
            "entities": [],
            "traits": [],
            "intent": "saludo"
        },
        {
            "text": "\u00bfQu\u00e9 tienen hoy para tomar?",
            "entities": [],
            "traits": [
                {
                    "trait": "pedir_cafe",
                    "value": "\u00bfQu\u00e9 tienen hoy para tomar?"
                }
            ],
            "intent": "pedir_cafe"
        },
        {
            "text": "\u00bfQu\u00e9 tipo de leche usan en el caf\u00e9?",
            "entities": [],
            "traits": [],
            "intent": "preguntar_menu"
        },
        {
            "text": "\u00bfQu\u00e9 variedades de t\u00e9 ten\u00e9s?",
            "entities": [],
            "traits": [],
            "intent": "preguntar_menu"
        },
        {
            "text": "\u00bfTe molesta si en vez de cappuccino pido un cortado?",
            "entities": [],
            "traits": [],
            "intent": "pedir_cafe"
        },
        {
            "text": "\u00bfTe puedo pagar con tarjeta?",
            "entities": [],
            "traits": [],
            "intent": "pagar"
        },
        {
            "text": "\u00bfTen\u00e9s agua sin gas?",
            "entities": [],
            "traits": [
                {
                    "trait": "pedir_otras_bebidas",
                    "value": "Quiero un cortado"
                }
            ],
            "intent": "pedir_otras_bebidas"
        },
        {
            "text": "\u00bfTen\u00e9s alguna especialidad de la casa?",
            "entities": [],
            "traits": [],
            "intent": "preguntar_menu"
        },
        {
            "text": "\u00bfTen\u00e9s caf\u00e9 descafeinado?",
            "entities": [],
            "traits": [],
            "intent": "pedir_cafe"
        },
        {
            "text": "\u00bfTen\u00e9s tostadas con mermelada?",
            "entities": [],
            "traits": [],
            "intent": "pedir_comida"
        },
        {
            "text": "\u00bfTienen men\u00fa vegano?",
            "entities": [],
            "traits": [],
            "intent": "preguntar_menu"
        },
        {
            "text": "\u00bfqu\u00e9 onda?",
            "entities": [],
            "traits": [],
            "intent": "saludo"
        }
    ]
}
